{
    "places": [
        "p1", "p2", "p3", "p4", "p5"
    ], 
    "transitions": [
        "t1", "t2", "t3", "t4"
    ], 
    "arcs": {
        "p1,t1": 1, 
        "t2,p1": 1, 
        "t3,p1": 1, 
        "p1,t4": 1, 
        "t1,p2": 1, 
        "p2,t2": 1, 
        "p2,t3": 1, 
        "t4,p2": 1, 
        "t3,p3": 1, 
        "t1,p4": 1, 
        "p4,t4": 1, 
        "p5,t1": 1, 
        "t4,p5": 1  
    }, 
    "layout": {
        "p1": {
            "x": 225               , 
            "y": 305.56666564941406  
        }, 
        "p2": {
            "x": 419               , 
            "y": 297.56666564941406  
        }, 
        "p3": {
            "x": 585               , 
            "y": 299.56666564941406  
        }, 
        "p4": {
            "x": 754               , 
            "y": 300.56666564941406  
        }, 
        "p5": {
            "x": 948               , 
            "y": 297.56666564941406  
        }, 
        "t1": {
            "x": 309              , 
            "y": 94.56666564941406  
        }, 
        "t2": {
            "x": 495              , 
            "y": 92.56666564941406  
        }, 
        "t3": {
            "x": 668              , 
            "y": 90.56666564941406  
        }, 
        "t4": {
            "x": 840              , 
            "y": 89.56666564941406  
        }
    }
}
