{
    "places": [
        "p1" , "p2" , "p3" , "p4" , "p5" , "p6" , "p7" , "p8" , "p9" , "p10", "p11", "p12", "p13", "p14"
    ], 
    "transitions": [
        "t1" , "t2" , "t3" , "t4" , "t5" , "t6" , "t7" , "t8" , "t9" , "t10"
    ], 
    "arcs": {
        "t1,p1"  : 1, 
        "p1,t5"  : 1, 
        "t5,p2"  : 1, 
        "p2,t4"  : 1, 
        "t4,p4"  : 1, 
        "p4,t1"  : 1, 
        "t1,p3"  : 1, 
        "p5,t1"  : 1, 
        "p3,t6"  : 1, 
        "t6,p14" : 1, 
        "p14,t2" : 1, 
        "t2,p6"  : 1, 
        "p6,t7"  : 1, 
        "t7,p5"  : 1, 
        "t2,p8"  : 1, 
        "p8,t8"  : 1, 
        "t8,p9"  : 1, 
        "p9,t3"  : 1, 
        "t3,p10" : 1, 
        "p10,t9" : 1, 
        "t9,p7"  : 1, 
        "p7,t2"  : 1, 
        "t3,p11" : 1, 
        "p11,t10": 1, 
        "t10,p12": 1, 
        "p12,t9" : 1, 
        "t10,p13": 1, 
        "p13,t4" : 1  
    }, 
    "marking": {
        "p1" : 1, 
        "p4" : 1, 
        "p5" : 1, 
        "p13": 1  
    }, 
    "layout": {
        "p1": {
            "x": 120               , 
            "y": 274.56666564941406  
        }, 
        "p2": {
            "x": 191               , 
            "y": 404.56666564941406  
        }, 
        "p3": {
            "x": 295               , 
            "y": 185.56666564941406  
        }, 
        "p4": {
            "x": 264               , 
            "y": 281.56666564941406  
        }, 
        "p5": {
            "x": 293              , 
            "y": 58.56666564941406  
        }, 
        "p6": {
            "x": 498              , 
            "y": 61.56666564941406  
        }, 
        "p7": {
            "x": 701               , 
            "y": 213.56666564941406  
        }, 
        "p8": {
            "x": 701              , 
            "y": 61.56666564941406  
        }, 
        "p9": {
            "x": 942              , 
            "y": 58.56666564941406  
        }, 
        "p10": {
            "x": 928               , 
            "y": 204.56666564941406  
        }, 
        "p11": {
            "x": 1034              , 
            "y": 286.56666564941406  
        }, 
        "p12": {
            "x": 918               , 
            "y": 333.56666564941406  
        }, 
        "p13": {
            "x": 700               , 
            "y": 405.56666564941406  
        }, 
        "p14": {
            "x": 503               , 
            "y": 193.56666564941406  
        }, 
        "t1": {
            "x": 196               , 
            "y": 129.56666564941406  
        }, 
        "t2": {
            "x": 597               , 
            "y": 130.56666564941406  
        }, 
        "t3": {
            "x": 1034              , 
            "y": 133.56666564941406  
        }, 
        "t4": {
            "x": 340               , 
            "y": 401.56666564941406  
        }, 
        "t5": {
            "x": 44                , 
            "y": 402.56666564941406  
        }, 
        "t6": {
            "x": 394               , 
            "y": 244.56666564941406  
        }, 
        "t7": {
            "x": 391               , 
            "y": 30.566665649414062  
        }, 
        "t8": {
            "x": 816               , 
            "y": 28.566665649414062  
        }, 
        "t9": {
            "x": 823               , 
            "y": 242.56666564941406  
        }, 
        "t10": {
            "x": 1035              , 
            "y": 401.56666564941406  
        }
    }
}
