{
    "places": [
        "p1", "p2", "p3"
    ], 
    "transitions": [
        "t1", "t2", "t3", "t4"
    ], 
    "arcs": {
        "p2,t1": 1, 
        "t1,p1": 1, 
        "p1,t4": 1, 
        "p1,t2": 1, 
        "p2,t2": 1, 
        "t2,p3": 2, 
        "p3,t3": 1, 
        "t3,p2": 1, 
        "t4,p1": 1  
    }, 
    "marking": {
        "p1": 1, 
        "p2": 1  
    }, 
    "layout": {
        "p1": {
            "x": 789              , 
            "y": 56.78334045410156  
        }, 
        "p2": {
            "x": 358              , 
            "y": 58.78334045410156  
        }, 
        "p3": {
            "x": 361               , 
            "y": 393.78334045410156  
        }, 
        "t1": {
            "x": 567              , 
            "y": 56.78334045410156  
        }, 
        "t2": {
            "x": 566               , 
            "y": 220.78334045410156  
        }, 
        "t3": {
            "x": 360               , 
            "y": 218.78334045410156  
        }, 
        "t4": {
            "x": 792               , 
            "y": 220.78334045410156  
        }, 
        "p1,t4": [
            {
                "x": 824.5             , 
                "y": 140.28334045410156  
            }
        ], 
        "p3,t3": [
            {
                "x": 304               , 
                "y": 311.28334045410156  
            }
        ], 
        "t3,p2": [
            {
                "x": 309               , 
                "y": 139.78334045410156  
            }
        ], 
        "t4,p1": [
            {
                "x": 746.5             , 
                "y": 142.28334045410156  
            }
        ]
    }
}
