{
    "places": [
        "p1" , "p2" , "p3" , "p4" , "p5" , "p6" , "p7" , "p8" , "p9" , "p10", "p11", "p12", "p13", "p14", "p15", "p16", "p17", "p18", "p19", "p20", "p21", "p22", "p23", "p24", "p25", "p26", "p27"
    ], 
    "transitions": [
        "t1" , "t2" , "t3" , "t4" , "t5" , "t6" , "t7" , "t8" , "t9" , "t10", "t11", "t12", "t13", "t14", "t15", "t16", "t17", "t18", "t19"
    ], 
    "arcs": {
        "t1,p1"  : 1, 
        "p1,t5"  : 1, 
        "t5,p2"  : 1, 
        "p2,t4"  : 1, 
        "t4,p4"  : 1, 
        "p4,t1"  : 1, 
        "t1,p3"  : 1, 
        "p5,t1"  : 1, 
        "p3,t6"  : 1, 
        "t6,p14" : 1, 
        "p14,t2" : 1, 
        "t2,p6"  : 1, 
        "p6,t7"  : 1, 
        "t7,p5"  : 1, 
        "t2,p8"  : 1, 
        "p8,t8"  : 1, 
        "t8,p9"  : 1, 
        "p9,t3"  : 1, 
        "t3,p10" : 1, 
        "p10,t9" : 1, 
        "t9,p7"  : 1, 
        "p7,t2"  : 1, 
        "t3,p11" : 1, 
        "p11,t10": 1, 
        "t10,p12": 1, 
        "p12,t9" : 1, 
        "t10,p13": 1, 
        "p13,t4" : 1, 
        "t3,p15" : 1, 
        "p15,t11": 1, 
        "t11,p16": 1, 
        "p16,t10": 1, 
        "t11,p17": 1, 
        "p17,t12": 1, 
        "t12,p18": 1, 
        "p18,t14": 1, 
        "t14,p20": 1, 
        "p20,t13": 1, 
        "t13,p19": 1, 
        "p19,t11": 1, 
        "t7,p21" : 1, 
        "p21,t15": 1, 
        "t15,p22": 1, 
        "p22,t16": 1, 
        "t16,p21": 1, 
        "p22,t8" : 1, 
        "p22,t17": 1, 
        "t17,p23": 1, 
        "p23,t3" : 1, 
        "t15,p24": 1, 
        "p24,t18": 1, 
        "t18,p26": 1, 
        "t15,p25": 1, 
        "t19,p25": 1, 
        "t19,p27": 1, 
        "t17,p27": 1, 
        "t17,p26": 1  
    }, 
    "marking": {
        "p1" : 1, 
        "p4" : 1, 
        "p5" : 1, 
        "p13": 1  
    }, 
    "layout": {
        "p1": {
            "x": 86               , 
            "y": 774.5666656494141  
        }, 
        "p2": {
            "x": 157              , 
            "y": 904.5666656494141  
        }, 
        "p3": {
            "x": 261              , 
            "y": 685.5666656494141  
        }, 
        "p4": {
            "x": 230              , 
            "y": 781.5666656494141  
        }, 
        "p5": {
            "x": 259              , 
            "y": 558.5666656494141  
        }, 
        "p6": {
            "x": 464              , 
            "y": 561.5666656494141  
        }, 
        "p7": {
            "x": 667              , 
            "y": 713.5666656494141  
        }, 
        "p8": {
            "x": 667              , 
            "y": 561.5666656494141  
        }, 
        "p9": {
            "x": 908              , 
            "y": 558.5666656494141  
        }, 
        "p10": {
            "x": 894              , 
            "y": 704.5666656494141  
        }, 
        "p11": {
            "x": 1000             , 
            "y": 786.5666656494141  
        }, 
        "p12": {
            "x": 884              , 
            "y": 833.5666656494141  
        }, 
        "p13": {
            "x": 666              , 
            "y": 905.5666656494141  
        }, 
        "p14": {
            "x": 469              , 
            "y": 693.5666656494141  
        }, 
        "p15": {
            "x": 1191    , 
            "y": 719.0625  
        }, 
        "p16": {
            "x": 1127    , 
            "y": 899.0625  
        }, 
        "p17": {
            "x": 1383    , 
            "y": 795.0625  
        }, 
        "p18": {
            "x": 1731    , 
            "y": 785.0625  
        }, 
        "p19": {
            "x": 1385     , 
            "y": 1023.0625  
        }, 
        "p20": {
            "x": 1680     , 
            "y": 1009.0625  
        }, 
        "p21": {
            "x": 388     , 
            "y": 383.0625  
        }, 
        "p22": {
            "x": 756     , 
            "y": 373.0625  
        }, 
        "p23": {
            "x": 1178    , 
            "y": 366.0625  
        }, 
        "p24": {
            "x": 653    , 
            "y": 94.0625  
        }, 
        "p25": {
            "x": 652     , 
            "y": 233.0625  
        }, 
        "p26": {
            "x": 974    , 
            "y": 90.0625  
        }, 
        "p27": {
            "x": 907     , 
            "y": 239.0625  
        }, 
        "t1": {
            "x": 162              , 
            "y": 629.5666656494141  
        }, 
        "t2": {
            "x": 563              , 
            "y": 630.5666656494141  
        }, 
        "t3": {
            "x": 1000             , 
            "y": 633.5666656494141  
        }, 
        "t4": {
            "x": 306              , 
            "y": 901.5666656494141  
        }, 
        "t5": {
            "x": 10               , 
            "y": 902.5666656494141  
        }, 
        "t6": {
            "x": 360              , 
            "y": 744.5666656494141  
        }, 
        "t7": {
            "x": 357              , 
            "y": 530.5666656494141  
        }, 
        "t8": {
            "x": 782              , 
            "y": 528.5666656494141  
        }, 
        "t9": {
            "x": 789              , 
            "y": 742.5666656494141  
        }, 
        "t10": {
            "x": 1001             , 
            "y": 901.5666656494141  
        }, 
        "t11": {
            "x": 1290    , 
            "y": 906.0625  
        }, 
        "t12": {
            "x": 1537    , 
            "y": 729.0625  
        }, 
        "t13": {
            "x": 1544     , 
            "y": 1038.0625  
        }, 
        "t14": {
            "x": 1784    , 
            "y": 868.0625  
        }, 
        "t15": {
            "x": 556     , 
            "y": 315.0625  
        }, 
        "t16": {
            "x": 563     , 
            "y": 458.0625  
        }, 
        "t17": {
            "x": 973     , 
            "y": 333.0625  
        }, 
        "t18": {
            "x": 792    , 
            "y": 85.0625  
        }, 
        "t19": {
            "x": 794     , 
            "y": 234.0625  
        }
    }
}
